{"EffectiveEchoSpacing": 0.000664, "TotalReadoutTime": 0.065736, "EchoTime": 0.03, "PhaseEncodingDirection": "j-", "FlipAngle": 53.0, "TaskName": "discountFix", "SliceTiming": [0.0, 0.34, 0.085, 0.42500000000000004, 0.17, 0.51, 0.255, 0.5950000000000001, 0.0, 0.34, 0.085, 0.42500000000000004, 0.17, 0.51, 0.255, 0.5950000000000001, 0.0, 0.34, 0.085, 0.42500000000000004, 0.17, 0.51, 0.255, 0.5950000000000001, 0.0, 0.34, 0.085, 0.42500000000000004, 0.17, 0.51, 0.255, 0.5950000000000001, 0.0, 0.34, 0.085, 0.42500000000000004, 0.17, 0.51, 0.255, 0.5950000000000001, 0.0, 0.34, 0.085, 0.42500000000000004, 0.17, 0.51, 0.255, 0.5950000000000001, 0.0, 0.34, 0.085, 0.42500000000000004, 0.17, 0.51, 0.255, 0.5950000000000001, 0.0, 0.34, 0.085, 0.42500000000000004, 0.17, 0.51, 0.255, 0.5950000000000001], "RepetitionTime": 0.68}