{"EffectiveEchoSpacing": 0.000664, "TotalReadoutTime": 0.065736, "EchoTime": 0.03, "PhaseEncodingDirection": "j-", "FlipAngle": 53.0, "TaskName": "discountFix", "SliceTiming": [0.0, 3.0, 0.09375, 3.09375, 0.1875, 3.1875, 0.28125, 3.28125, 0.375, 3.375, 0.46875, 3.46875, 0.5625, 3.5625, 0.65625, 3.65625, 0.75, 3.75, 0.84375, 3.84375, 0.9375, 3.9375, 1.03125, 4.03125, 1.125, 4.125, 1.21875, 4.21875, 1.3125, 4.3125, 1.40625, 4.40625, 1.5, 4.5, 1.59375, 4.59375, 1.6875, 4.6875, 1.78125, 4.78125, 1.875, 4.875, 1.96875, 4.96875, 2.0625, 5.0625, 2.15625, 5.15625, 2.25, 5.25, 2.34375, 5.34375, 2.4375, 5.4375, 2.53125, 5.53125, 2.625, 5.625, 2.71875, 5.71875, 2.8125, 5.8125, 2.90625, 5.90625], "RepetitionTime": 6.0}